编号,优先级,状态,现状与建议,验收条件
U01,P1,待实施或专项验证,固定1280×590整体缩放导致小屏按钮过小；分离视觉尺寸与点击区域,568/844宽下，主要按钮点击区域至少44 CSS像素，互不重叠；这是项目验收目标
U02,P1,待实施或专项验证,39设计像素菜单在568屏约17.3px，60像素碰胡键约26.6px；改成屏幕空间控件或专门紧凑布局,字能看清，点击不误落到牌面；不靠简单放大整桌解决
U03,P1,待实施或专项验证,牌面选中、可出、已提交、不可操作需区别；保留选中再出牌方式,点牌/取消/滑动/重复点击行为一致；提交中不双发
U04,P1,待实施或专项验证,选中牌与出牌动画的起点、终点、阴影统一,已落地弃牌不漂移；补花、碰杠、摸牌不挤动其他牌
U05,P1,待实施或专项验证,保持矩形桌与全部直排；大面积底纹和金边降低对比,视线优先落在手牌、待响应牌、行动按钮
U06,P1,待实施或专项验证,轮到谁除中心方向外增加头像边框/呼吸提示,不看倒计时也能判断行动者；减少动态效果时仍有静态提示
U07,P1,待实施或专项验证,已有可操作牌聚焦提示；继续统一来源人、牌、可做操作的信息,碰/杠/胡/抢杠能一眼看懂针对哪张牌；不遮弃牌
U08,P1,待实施或专项验证,听牌卡片已重做；按“打出谁→可听哪些→未见几张”固定层级,0/1/多听口、横滑、小屏都清楚；未见不被误认为牌墙剩余
U09,P1,待实施或专项验证,对手掉线、托管、思考与网络恢复需要分开,头像旁明确显示状态；自己网络故障不被误读成别人未出牌
U10,P1,待实施或专项验证,托管已有按钮，但应增加明显持续状态和取消反馈,一次点击取消，倒计时更新不吞点击；自动托管原因可查
U11,P1,待实施或专项验证,花牌、暗杠、补杠堆叠和供牌箭头需做极端数量巡检,20花/4杠/满弃牌/不同视角下不越界、箭头不指错
U12,P1,待实施或专项验证,弹层、错误条、弱网条、提示卡需建立明确层级,照直确认、断线提示、设置都可点；不盖住关键操作
U13,P1,待实施或专项验证,刘海、安全区、安卓导航栏、横竖切换专项适配,所有按钮在安全区内；短暂竖屏有清楚引导、不重开牌局
U14,P2,待实施或专项验证,支持大字/高对比、减少动态效果；金色不作唯一状态表达,色觉差异下仍能区分可用、禁用、危险操作
U15,P2,待实施或专项验证,Canvas 按钮补无障碍标签或等价语义操作层,辅助功能能够读出托管、胡、碰、过等操作
R01,P1,待实施或专项验证,大厅突出“回原桌 / 加入 / 开桌 / 战绩”，权限受限说明原因,有进行中牌局时优先回桌，普通会员不看到无效开桌入口
R02,P1,待实施或专项验证,开桌参数形成简短摘要，常用配置可以复用,建桌前后规则一致；费用/局数/时限说明不藏在二级页面
R03,P1,待实施或专项验证,过程提示区分比下胡、进园、三嘴、外包、照直等,用简明文字解释当前状态；严格按用户提供规则，不套用竞品规则
R04,P1,待实施或专项验证,原规则图片缺失章节及未完成的特殊流程继续单列核对,每个缺项有来源、决策和案例测试；不宣称规则已穷举
R05,P1,待实施或专项验证,单局结算先给结果，再可展开计分算式和责任归属,玩家可追溯“谁给谁、为什么、多少”；合计与总分一致
R06,P1,待实施或专项验证,下一局/准备倒计时固定位置，允许阅读详情,看详情不误点下一局；自动继续规则和剩余时间明确
R07,P1,待实施或专项验证,战绩增强房号、日期、成员筛选与加载/空白/失败状态,查询条件可保留；返回列表不丢位置
R08,P1,待实施或专项验证,已读绿勾按当前管理员独立记录；补“未读”筛选和阅读时间,普通用户不可见；失败可重试；管理员之间不互相误标
R09,P2,待实施或专项验证,回放增加跳到碰杠胡、倍速、当前动作解释,切视角遵守回放权限，时间轴不出现暗牌越权
R10,P2,待实施或专项验证,战绩详情可生成清楚的分享摘要、规则反馈入口,分享不包含密码/令牌/不应公开的私人信息；不自动发送
A01,P0,本次已修改，待真机复测,已修：iframe 内手势补解锁,回桌后直接点牌可触发恢复，无需先点设置
A02,P0,本次已修改，待真机复测,已修：有限重试、时钟检测、最多一次重建,连续失败可恢复，永久故障不无限创建 AudioContext
A03,P0,本次已修改，待真机复测,已修：原生前后台状态优先，供音频和网络共用,原生前台后晚到网页隐藏事件不再次静音或停重连
A04,P1,待实施或专项验证,增加轻量“声音未恢复，点此恢复”提示和诊断状态,仅故障时出现；不要求反复开关音乐或重启App
A05,P1,待实施或专项验证,真机音频路由矩阵：回桌面、锁屏、来电、微信语音、蓝牙连接/断开,分别验证背景音乐、报牌、人声、按钮声，不只看 state=running
A06,P1,待实施或专项验证,保持音乐/音效/报牌/语音聊天独立设置，改善试听反馈,静音永不被恢复机制解除；预览结束不持续压低背景音乐
A07,P2,待实施或专项验证,统一音量、峰值与播放优先级，压低音乐突出报牌,胡牌提示清楚，批量补花/快速回放不叠成噪音
A08,P2,待实施或专项验证,音频恢复耗时与失败原因做匿名诊断计数,能知道失败发生在哪种系统版本/音频状态，不记录语音内容
N01,P1,待实施或专项验证,将连接中/认证中/同步牌桌/已恢复/无法连接明确分态,用户知道正在做什么；不要只显示笼统“网络错误”
N02,P1,待实施或专项验证,以实测 RTT、连续超时、状态新鲜度做弱网等级,不伪造手机 Wi-Fi 格数；弱网有文字，不只靠图标颜色
N03,P1,待实施或专项验证,新 socket 收到 session 时已设 connected=true；应检查恢复原桌时是否仍可能显示旧快照,以新快照到达为可操作条件；服务端版本拒绝不能替代前端体验
N04,P1,待实施或专项验证,30秒心跳意味着空闲黑洞检测可能较慢；活跃牌局考虑更短、可配置心跳,在电耗和流量预算内达成断线发现时限；测出实际分位数
N05,P1,待实施或专项验证,重连退避缺少随机抖动,大量用户同时回前台或服务恢复时，连接不集中撞峰
N06,P1,待实施或专项验证,离线、网络恢复、Wi-Fi→蜂窝、DNS失败、TLS失败分开验证,恢复原账号和原桌，不创建重复桌，不丢权限
N07,P1,待实施或专项验证,ACK丢失/状态先到/网络重连/重复点击专项矩阵,同一动作至多结算一次；未知结果先拉状态、不自动重发
N08,P1,待实施或专项验证,requestId 当前主要用于关联确认；不能直接等同于服务端幂等去重,若未来重发操作，先设计服务端去重与幂等范围，不能只加客户端重试
N09,P1,待实施或专项验证,重连期间倒计时、按钮禁用、托管状态同步验证,无效动作不可发送；恢复不补播历史报牌、不重复播放胡牌
N10,P1,待实施或专项验证,断网20秒/2分钟、后台5分钟、系统杀进程、服务重启场景,回原桌或明确说明已结束，绝不静默进入新局
N11,P1,待实施或专项验证,TLS证书/固定公钥续期与备用钥轮换演练,正常续证无感；配置错误可诊断，不通过关闭校验解决
N12,P2,待实施或专项验证,加入连接诊断：最近RTT、重连次数、恢复耗时、丢失确认、服务版本,日志不含令牌和暗牌；能把用户反馈对应到具体故障阶段
N13,P2,待实施或专项验证,设稳定性目标与低网速/丢包/长时自动测试,分别统计P50/P95恢复耗时及成功率；目标与实测结果分开写
E01,P1,待实施或专项验证,Cocos运行资源本地约37MB；按进入牌桌必需资源/延后加载资源拆分预算,首次进入牌桌的耗时、内存、上传大小都有基线；不直接把37MB当网络下载量
E02,P1,待实施或专项验证,引擎加载当前只有总体“正在摆好牌桌”；增加可重试失败分类,资源缺失、版本不符、解码失败能定位；正常加载不展示开发术语
E03,P1,待实施或专项验证,音频、图集和Cocos运行包保持版本/哈希一致,发布前校验客户端所有资源；避免源码已变而运行包仍旧
E04,P2,待实施或专项验证,大厅、牌桌、回放分阶段加载；保留常用音频缓存,重复进出不重复解码，不造成多路BGM叠播
E05,P2,待实施或专项验证,低端安卓帧率、显存/内存、发热与耗电测量,连玩30分钟/2小时都不明显恶化；减少效果档仍可正常玩
E06,P2,待实施或专项验证,建立568/844/1280布局截图、操作响应和网络回归的发布门槛,每版先通过关键流程，再生成APK/IPA；代码测试和真机测试分别记录
